Feature 1,Feature 2,Feature 3,Combined Importance
Market Force Indicator,Volume_Float_Ratio,Relative Volume,0.3157046200668531
Market Force Indicator,Volume Per Minute,Relative Volume,0.2895753099260447
Market Force Indicator,Relative Volume,Volume Per Minute Institutional Transactions,0.2753380110539595
Market Force Indicator,Relative Volume,Short Ratio,0.25992877636556616
Market Force Indicator,Volume_Float_Ratio,Volume Per Minute,0.24647455772077886
Market Force Indicator,Volume_Float_Ratio,Volume Per Minute Institutional Transactions,0.2322372588486937
Volume_Float_Ratio,Volume Per Minute,Relative Volume,0.2276238772431139
Market Force Indicator,Volume_Float_Ratio,Short Ratio,0.2168280241603003
Volume_Float_Ratio,Relative Volume,Volume Per Minute Institutional Transactions,0.21338657837102873
Market Force Indicator,Volume Per Minute,Volume Per Minute Institutional Transactions,0.20610794870788526
Volume_Float_Ratio,Relative Volume,Short Ratio,0.19797734368263534
Market Force Indicator,Volume Per Minute,Short Ratio,0.19069871401949187
Volume Per Minute,Relative Volume,Volume Per Minute Institutional Transactions,0.1872572682302203
Market Force Indicator,Short Ratio,Volume Per Minute Institutional Transactions,0.1764614151474067
Volume Per Minute,Relative Volume,Short Ratio,0.1718480335418269
Relative Volume,Short Ratio,Volume Per Minute Institutional Transactions,0.15761073466974174
Volume_Float_Ratio,Volume Per Minute,Volume Per Minute Institutional Transactions,0.14415651602495447
Volume_Float_Ratio,Volume Per Minute,Short Ratio,0.12874728133656108
Volume_Float_Ratio,Short Ratio,Volume Per Minute Institutional Transactions,0.11450998246447588
Volume Per Minute,Short Ratio,Volume Per Minute Institutional Transactions,0.08838067232366748
